transaction_date,description,amount,debit_credit,balance,currency,unique_id,memo
01/04/2025,Opening balance,0.00,credit,19870.40,AUD,WESTPAC-20250401-000,Starting balance
02/04/2025,Payroll deposit,4850.00,credit,24720.40,AUD,WESTPAC-20250402-001,Payroll ACH
03/04/2025,Office supplies,312.54,debit,24407.86,AUD,WESTPAC-20250403-002,Staples invoice 88321
05/04/2025,Client payment,2750.00,credit,27157.86,AUD,WESTPAC-20250405-003,Wire from client
11/04/2025,Software subscription,149.00,debit,27008.86,AUD,WESTPAC-20250411-004,SaaS subscription
16/04/2025,Merchant batch,1875.32,credit,28884.18,AUD,WESTPAC-20250416-005,Card revenue settlement
22/04/2025,Rent payment,2850.00,debit,26034.18,AUD,WESTPAC-20250422-006,Monthly rent
28/04/2025,Bank service fee,35.00,debit,25999.18,AUD,WESTPAC-20250428-007,Maintenance fee
